id_guia|cod_idioma
1|ES
2|ES
3|ES
4|ES
5|ES
6|ES
7|ES
8|ES
9|ES
10|ES
11|ES
12|ES
13|EN
14|ES
15|ES
16|ES
17|EN
18|ES
19|ES
20|ES
21|ES
22|ES
23|ES
24|ES
25|ES
26|ES
27|EN
28|FR
29|ES
30|ES
31|ES
32|ES
33|ES
34|ES
35|ES
36|ES
37|EN
38|ES
39|ES
40|ES
41|ES
42|ES
43|ES
44|ES
45|ES
46|ES
47|ES
48|EN
49|EN
50|EN
51|ES
52|ES
53|ES
54|ES
55|ES
56|EN
57|ES
58|ES
59|ES
60|ES
61|ES
62|ES
63|EN
64|ES
65|ES
66|ES
67|ES
68|ES
69|ES
70|EN
71|ES
72|EN
73|EN
74|ES
75|EN
76|ES
77|EN
78|ES
79|ES
80|EN
81|EN
82|ES
84|EN
85|ES
87|ES
88|EN
89|EN
90|EN
91|EN
92|EN
94|ES
95|ES
96|FR
97|FR
98|EN
99|EN
101|EN
102|EN
103|EN
104|EN
105|EN
106|EN
107|ES
108|ES
109|ES
111|ES
114|ES
115|ES
116|ES
117|ES
118|ES
120|ES
121|EN
122|EN
123|EN
124|ES
125|EN
127|EN
129|ES
130|ES
131|ES
133|ES
134|ES
136|ES
138|EN
139|ES
140|ES
141|EN
142|EN
143|ES
144|ES
149|ES
153|FR
154|ES
155|EN
157|EN
158|ES
160|EN
163|EN
167|EN
175|EN
180|ES
181|ES
182|ES
183|ES
184|ES
185|ES
186|ES
187|ES
188|ES
189|EN
190|ES
191|EN
192|ES
194|ES
195|ES
196|ES
197|ES
198|ES
200|ES
201|ES
203|ES
204|ES
205|EN
208|ES
209|EN
210|ES
211|ES
212|ES
213|ES
214|ES
215|ES
216|ES
218|EN
219|EN
220|EN
221|EN
222|EN
223|DE
224|EN
225|EN
227|ES
228|ES
229|EN
230|EN
231|ES
232|EN
233|EN
234|EN
235|EN
236|EN
238|EN
239|ES
240|ES
241|ES
242|ES
243|ES
245|EN
247|ES
248|ES
249|ES
250|ES
251|ES
252|ES
254|ES
255|ES
256|ES
257|ES
258|ES
259|ES
260|ES
261|ES
262|ES
263|ES
264|ES
265|ES
266|ES
267|ES
269|ES
270|EN
271|ES
272|ES
273|ES
275|ES
276|ES
277|ES
278|ES
279|ES
280|ES
281|ES
282|ES
283|ES
284|ES
287|ES
288|ES
289|ES
290|ES
291|ES
292|ES
293|ES
294|ES
295|ES
296|ES
297|ES
300|ES
301|ES
302|EN
303|EN
304|ES
305|ES
307|EN
308|EN
309|ES
310|ES
311|ES
312|ES
315|ES
316|ES
317|ES
318|ES
319|ES
321|ES
322|ES
323|ES
324|ES
325|ES
326|ES
328|EN
330|ES
331|ES
332|ES
333|ES
334|ES
337|ES
338|ES
339|ES
340|EN
341|EN
342|FR
343|ES
344|ES
345|EN
348|ES
349|ES
350|ES
351|DE
352|ES
353|EN
354|ES
355|ES
356|ES
357|ES
358|ES
359|EN
360|EN
361|EN
362|EN
363|ES
364|EN
366|ES
367|ES
369|ES
370|ES
371|ES
372|ES
373|ES
374|ES
375|ES
376|EN
377|ES
378|EN
379|EN
380|EN
385|ES
386|ES
388|ES
389|EN
390|EN
392|ES
393|ES
394|EN
395|EN
397|EN
400|ES
401|ES
402|ES
403|EN
404|EN
408|ES
409|EN
410|EN
412|ES
414|ES
415|ES
417|EN
418|EN
419|ES
422|ES
425|ES
426|ES
427|ES
428|ES
429|ES
430|EN
431|EN
433|ES
434|ES
436|ES
437|EN
439|ES
440|ES
441|EN
442|ES
443|ES
444|ES
446|ES
447|ES
448|ES
449|EN
450|EN
451|ES
452|ES
455|ES
456|EN
457|ES
458|ES
460|ES
461|ES
462|ES
463|ES
464|ES
466|ES
467|ES
469|ES
470|ES
473|ES
474|ES
475|ES
476|ES
477|ES
478|ES
480|ES
482|ES
483|ES
484|ES
485|ES
486|ES
487|ES
489|EN
491|ES
494|EN
495|EN
496|ES
497|ES
499|ES
501|ES
502|EN
503|ES
504|ES
505|ES
506|EN
507|ES
508|ES
509|EN
510|EN
511|ES
513|EN
515|EN
516|ES
518|ES
519|ES
520|ES
521|ES
522|ES
523|ES
524|ES
525|ES
527|ES
528|ES
529|ES
530|EN
531|FR
532|ES
534|ES
535|ES
536|ES
538|ES
539|ES
540|ES
542|ES
543|EN
544|EN
545|ES
546|ES
547|ES
548|ES
549|EN
550|ES
551|ES
552|ES
553|ES
555|ES
556|ES
558|ES
559|ES
561|EN
562|EN
563|EN
564|ES
566|FR
567|ES
568|EN
569|EN
570|ES
572|EN
574|EN
575|EN
576|EN
577|ES
578|ES
581|ES
582|ES
583|EN
584|ES
585|ES
586|ES
587|ES
590|ES
591|EN
592|EN
593|ES
594|ES
596|ES
597|ES
599|EN
600|EN
601|ES
602|ES
603|EN
605|ES
607|ES
608|ZH
609|ES
610|EN
611|ES
612|ES
613|EN
614|ES
615|EN
619|EN
620|EN
622|EN
623|EN
625|EN
626|ES
627|ES
628|EN
629|EN
630|EN
632|EN
635|EN
637|EN
638|ES
641|ES
642|ES
643|EN
644|EN
645|EN
646|EN
650|EN
652|ES
653|EN
654|EN
656|EN
657|ES
658|ES
659|ES
660|EN
662|ES
666|FR
667|EN
670|ES
674|EN
675|ES
678|FR
682|ES
685|ES
686|EN
689|ES
695|EN
696|EN
700|EN
702|EN
704|EN
705|ES
707|EN
710|EN
713|EN
714|ES
715|ES
716|ES
719|ES
726|EN
728|ES
729|ES
731|ES
732|EN
733|ES
737|EN
738|EN
740|ES
749|ES
755|EN
764|ES
765|ES
766|ES
767|ES
768|ES
769|ES
770|EN
771|ES
772|ES
773|ES
774|ES
775|EN
776|ES
778|ES
779|ES
780|EN
781|EN
782|EN
783|EN
784|ES
785|ES
786|ES
787|ES
788|ES
789|DE
790|FR
792|ES
793|EN
794|EN
796|EN
797|ES
798|ES
799|ES
801|EN
802|EN
805|ES
806|ES
807|ES
808|ES
809|EN
810|ES
811|ES
813|ES
814|ES
815|ES
816|ES
817|ES
818|EN
819|ES
820|ES
821|ES
822|ES
823|ES
824|ES
825|EN
826|ES
827|ES
828|ES
829|ES
830|ES
831|ES
832|ES
833|ES
834|ES
835|ES
836|ES
837|EN
838|DE
839|ES
840|ES
841|ES
842|ES
843|ES
844|EN
845|ES
846|ES
847|ES
848|ES
849|ES
850|ES
851|EN
852|EN
853|ES
854|ES
855|ES
856|ES
857|ES
858|EN
859|DA
862|ES
863|ES
864|ES
865|ES
866|ES
867|ES
868|ES
869|ES
870|ES
871|EN
872|EN
874|DE
876|EN
877|ES
878|ES
879|ES
880|ES
881|ES
882|ES
883|ES
884|ES
885|ES
886|ES
887|ES
888|ES
889|EN
890|DE
891|EN
893|DE
894|ES
895|ES
896|EN
897|EN
899|ES
900|ES
901|ES
903|ES
904|ES
906|ES
907|ES
908|EN
909|EN
911|EN
912|ES
914|ES
915|ES
917|EN
919|EN
920|EN
921|ES
922|ES
923|ES
924|ES
925|ES
926|ES
929|ES
930|ES
931|ES
932|ES
934|EN
935|ES
936|EN
937|EN
938|ES
939|ES
940|EN
941|ES
942|EN
943|ES
944|EN
946|ES
947|ES
948|FR
949|EN
950|EN
951|ES
952|ES
955|EN
956|EN
957|EN
958|EN
959|EN
960|FR
961|EN
962|DE
963|EN
964|EN
966|ES
967|ES
968|EN
969|EN
970|EN
971|ES
972|ES
973|EN
974|EN
975|ES
977|ES
978|ES
980|EN
981|ES
983|ES
986|ES
987|ES
988|ES
989|EN
990|EN
991|EN
993|FR
994|ES
995|ES
996|ES
997|ES
998|ES
999|ES
1000|EN
1002|ES
1004|BG
1005|EN
1006|EN
1008|ES
1009|ES
1010|ES
1011|ES
1012|ES
1013|EN
1014|ES
1015|ES
1016|EN
1017|ES
1018|ES
1019|EN
1020|ES
1021|ES
1022|EN
1023|ES
1024|ES
1025|EN
1026|ES
1027|EN
1028|ES
1029|ES
1030|ES
1031|ES
1032|ES
1033|EN
1034|EN
1035|EN
1037|EN
1038|ES
1039|ES
1040|ES
1041|EN
1042|ES
1043|ES
1044|EN
1045|ES
1046|ES
1047|EN
1048|EN
1049|EN
1050|EN
1052|ES
1053|EN
1054|EN
1056|EN
1057|EN
1058|EN
1059|EN
1060|EN
1061|EN
1062|ES
1063|ES
1065|EN
1066|ES
1067|ES
1068|ES
1069|ES
1070|ES
1071|EN
1073|EN
1074|EN
1075|ES
1076|ES
1077|ES
1078|ES
1079|ES
1080|ES
1081|EN
1082|EN
1083|EN
1084|EN
1085|ES
1086|ES
1087|FR
1088|FR
1089|ES
1090|ES
1091|EN
1092|FR
1093|ES
1094|EN
1095|ES
1096|ES
1097|ES
1099|EN
1100|ES
1101|EN
1102|EN
1103|ES
1104|ES
1105|ES
1106|ES
1107|ES
1108|ES
1109|ES
1110|ES
1111|ES
1112|ES
1113|ES
1114|ES
1115|ES
1116|ES
1117|ES
1118|ES
1119|ES
1120|ES
1121|ES
1122|ES
1123|ES
1124|ES
1125|ES
1127|ES
1129|ES
1131|EN
1132|ES
1133|ES
1134|ES
1135|ES
1137|EN
1138|ES
1139|ES
1140|ES
1142|ES
1143|ES
1144|ES
1145|EN
1146|ES
1147|ES
1148|ES
1149|EN
1150|ES
1151|ES
1152|ES
1153|ES
1154|ES
1155|ES
1156|ES
1157|ES
1158|ES
1159|ES
1160|ES
1162|ES
1164|EN
1165|ES
1166|EN
1167|EN
1169|EN
1170|ES
1172|EN
1173|ES
1174|ES
1175|ES
1178|ES
1179|ES
1180|ES
1181|ES
1183|ES
1184|ES
1186|ES
1187|ES
1188|ES
1189|ES
1190|ES
1191|EN
1192|ES
1193|EN
1194|ES
1195|ES
1196|ES
1197|ES
1198|ES
1199|ES
1200|EN
1201|ES
1202|ES
1203|ES
1204|ES
1205|ES
1206|ES
1207|ES
1208|ES
1209|ES
1210|ES
1211|ES
1212|ES
1213|ES
1215|ES
1216|ES
1217|ES
1218|ES
1219|ES
1220|ES
1221|ES
1222|ES
1223|ES
1224|ES
1225|ES
1226|ES
1227|ES
1228|ES
1229|ES
1230|ES
1231|ES
1232|ES
1233|ES
1234|ES
1235|ES
1236|ES
1237|ES
1238|ES
1239|ES
1240|ES
1241|ES
1242|EN
1243|EN
1244|EN
1245|EN
1246|ES
1247|ES
1248|ES
1249|ES
1250|ES
1251|ES
1252|ES
1253|ES
1254|ES
1255|ES
1256|EN
1257|ES
1258|ES
1259|ES
1260|ES
1262|ES
1263|ES
1264|ES
1265|ES
1266|ES
1267|ES
1268|ES
1269|ES
1270|EN
1271|ES
1272|ES
1273|ES
1274|ES
1275|ES
1276|ES
1277|ES
1278|ES
1279|ES
1280|ES
1281|EN
1282|ES
1283|ES
1284|EN
1285|ES
1286|ES
1287|EN
1288|EN
1289|EN
1290|EN
1291|ES
1292|ES
1293|ES
1294|EN
1295|ES
1296|ES
1297|EN
1299|ES
1300|ES
1301|ES
1302|EN
1303|ES
1304|ES
1306|ES
1307|EN
1308|EN
1309|EN
1310|ES
1311|ES
1313|ES
1314|EN
1315|ES
1316|ES
1317|ES
1318|ES
1319|ES
1320|ES
1321|ES
1322|ES
1323|ES
1324|EN
1325|ES
1326|ES
1327|EN
1328|ES
1329|ES
1330|ES
1332|ES
1333|ES
1334|ES
1335|EN
1336|ES
1337|ES
1340|EN
1341|ES
1342|ES
1343|ES
1344|EN
1345|EN
1346|ES
1347|ES
1349|ES
1350|ES
1351|EN
1352|ES
1353|EN
1354|EN
1356|ES
1357|ES
1359|ES
1360|EN
1361|EN
1363|EN
1364|ES
1366|ES
1367|ES
1368|ES
1370|ES
1371|ES
1380|EN
1385|EN
1389|EN
1390|EN
1392|EN
1393|EN
1397|ES
1398|ES
1399|ES
1400|ES
1401|ES
1402|ES
1403|ES
1404|ES
1405|ES
1406|ES
1407|ES
1409|ES
1410|ES
1412|ES
1413|ES
1414|ES
1415|ES
1416|EN
1417|ES
1431|ES
1432|ES
1434|ES
1435|ES
1436|ES
1437|ES
1438|ES
1439|ES
1440|ES
1441|ES
1442|ES
1443|ES
1444|ES
1445|ES
1446|ES
1447|ES
1448|ES
1449|ES
1450|ES
1451|ES
1452|ES
1453|ES
1454|ES
1455|ES
1456|ES
1457|ES
1458|ES
1459|ES
1460|ES
1461|ES
1462|ES
1463|ES
1464|ES
1465|ES
1466|ES
1468|ES
1469|ES
1470|ES
1471|ES
1472|ES
1473|ES
1474|ES
1475|ES
1476|ES
1477|ES
1478|ES
1479|ES
1480|ES
1481|ES
1482|ES
1483|ES
1484|ES
1485|ES
1486|ES
1487|ES
1488|ES
1489|ES
1490|ES
1491|ES
1492|ES
1493|ES
1494|ES
1495|ES
1496|ES
1497|ES
1498|ES
1499|ES
1500|ES
1501|ES
1502|ES
1503|ES
1504|ES
1505|ES
1506|ES
1507|ES
1509|ES
1510|EN
1512|ES
1513|ES
1514|ES
1515|ES
1516|ES
1517|ES
1518|ES
1519|ES
1520|ES
1521|ES
1522|ES
1523|ES
1524|ES
1525|ES
1527|ES
1528|ES
1529|ES
1530|ES
1531|ES
1532|ES
1533|ES
1534|ES
1535|ES
1536|ES
1537|ES
1538|ES
1539|ES
1540|ES
1542|ES
1543|ES
1544|ES
1545|ES
1548|ES
1550|ES
1551|ES
1552|ES
1553|ES
1554|ES
1555|ES
1556|ES
1557|ES
1558|ES
1559|ES
1560|ES
1561|ES
1562|ES
1563|ES
1564|ES
1565|ES
1566|ES
1567|ES
1568|ES
1569|EN
1570|EN
1571|ES
1573|ES
1574|ES
1575|ES
1576|EN
1577|EN
1578|ES
1580|ES
1582|ES
1583|ES
1584|ES
1586|ES
1589|ES
1590|ES
1591|ES
1592|ES
1593|ES
1594|ES
1595|ES
1596|ES
1597|ES
1598|ES
1599|ES
1602|EN
1604|ES
1605|ES
1606|ES
1608|ES
1609|ES
1614|ES
1615|ES
1616|ES
1619|ES
1620|ES
1621|EN
1625|ES
1626|EN
1633|EN
1634|ES
1635|ES
1637|ES
1646|DE
1654|ES
1655|ES
1656|ES
1657|ES
1658|ES
1659|ES
1660|ES
1661|ES
1663|ES
1664|ES
1665|ES
1666|ES
1669|ES
1670|ES
1671|ES
1672|ES
1673|ES
1674|ES
1675|EN
1676|ES
1677|ES
1678|ES
1679|EN
1680|ES
1681|ES
1682|ES
1683|ES
1684|ES
1686|ES
1687|ES
1688|ES
1689|ES
1690|ES
1691|ES
1692|ES
1693|EN
1694|EN
1696|ES
1697|ES
1698|ES
1699|ES
1700|ES
1701|ES
1702|ES
1703|ES
1704|ES
1705|ES
1706|ES
1707|ES
1708|ES
1711|ES
1712|EN
1713|ES
1714|ES
1715|EN
1716|ES
1717|ES
1718|ES
1719|ES
1720|ES
1721|ES
1722|ES
1723|ES
1725|ES
1726|ES
1727|ES
1728|ES
1729|ES
1730|ES
1732|EN
1733|ES
1735|ES
1737|ES
1738|ES
1739|ES
1743|EN
1744|EN
1746|ES
1747|ES
1750|ES
1751|ES
1752|ES
1755|ES
1760|ES
1761|ES
1767|ES
1769|EN
1771|ES
1775|EN
1779|ES
1781|ES
1785|EN
1793|ES
1794|ES
1795|ES
1796|ES
1797|ES
1798|ES
1799|ES
1800|ES
1801|ES
1802|ES
1803|ES
1804|ES
1805|ES
1806|ES
1807|ES
1808|ES
1809|ES
1810|ES
1811|ES
1812|ES
1813|ES
1814|ES
1815|ES
1816|ES
1817|ES
1818|ES
1819|ES
1820|ES
1821|ES
1822|ES
1823|ES
1824|ES
1825|ES
1826|ES
1827|ES
1828|ES
1829|ES
1830|ES
1831|ES
1832|ES
1833|ES
1834|ES
1835|ES
1836|ES
1837|ES
1838|EN
1839|EN
1840|ES
1842|ES
1843|ES
1844|ES
1845|ES
1846|ES
1847|EN
1848|EN
1849|ES
1850|ES
1851|ES
1852|ES
1853|ES
1854|ES
1855|EN
1856|ES
1857|ES
1858|ES
1859|ES
1860|ES
1861|ES
1862|ES
1863|ES
1864|EN
1865|ES
1866|ES
1867|ES
1868|ES
1869|ES
1870|ES
1872|ES
1873|ES
1874|ES
1875|ES
1876|ES
1877|ES
1878|ES
1879|ES
1880|ES
1881|ES
1882|ES
1883|ES
1884|ES
1885|ES
1886|ES
1887|ES
1888|ES
1889|ES
1890|ES
1891|ES
1892|ES
1893|ES
1894|ES
1895|ES
1896|ES
1897|ES
1898|ES
1899|ES
1900|ES
1901|ES
1902|ES
1903|ES
1904|ES
1905|ES
1906|ES
1907|ES
1908|ES
1909|ES
1910|ES
1911|ES
1912|ES
1913|ES
1914|ES
1915|ES
1916|ES
1917|EN
1918|ES
1919|ES
1920|ES
1921|ES
1922|ES
1923|EN
1924|ES
1926|ES
1927|ES
1928|ES
1929|ES
1930|ES
1931|ES
1932|DE
1933|ES
1934|ES
1935|ES
1936|ES
1937|ES
1938|ES
1939|ES
1940|EN
1941|ES
1942|ES
1943|ES
1944|ES
1945|EN
1946|ES
1947|ES
1948|ES
1949|ES
1950|ES
1951|ES
1952|ES
1953|ES
1954|ES
1955|EN
1956|ES
1957|ES
1958|ES
1959|ES
1960|ES
1961|ES
1962|EN
1964|ES
1965|ES
1966|ES
1967|ES
1968|ES
1969|ES
1970|ES
1971|ES
1972|ES
1973|ES
1974|ES
1975|ES
1976|EN
1977|EN
1978|EN
1979|ES
1980|ES
1981|ES
1982|ES
1983|ES
1984|ES
1985|ES
1986|ES
1987|ES
1988|ES
1989|ES
1990|ES
1991|ES
1992|EN
19195493|ES
1994|ES
1995|ES
1996|ES
1997|ES
1998|ES
1999|ES
2000|ES
2001|EN
2002|ES
2003|ES
2004|ES
2005|ES
2006|ES
2007|ES
2008|ES
2009|ES
2010|ES
2011|ES
2012|ES
2013|ES
2014|ES
2015|ES
2016|EN
2017|EN
2018|ES
2019|ES
2020|ES
2021|ES
2022|EN
2023|ES
2024|ES
2025|ES
2026|EN
2027|ES
2028|EN
2029|EN
2030|ES
2031|ES
2032|ES
2033|ES
2034|ES
2035|ES
2036|ES
2037|ES
2040|ES
2041|ES
2042|EN
2043|ES
2044|EN
2045|ES
2046|ES
2047|ES
2048|ES
2049|ES
2050|EN
2051|EN
2052|ES
2053|ES
2054|ES
2055|ES
2056|ES
2057|ES
2058|ES
2059|EN
2060|ES
2061|ES
2062|ES
2063|ES
2064|ES
2065|ES
2066|EN
2067|ES
2068|ES
2069|EN
2070|ES
2071|EN
2072|EN
2073|ES
2074|ES
2075|ES
2076|ES
2077|EN
2078|ES
2079|ES
2080|ES
2081|ES
2082|ES
2083|ES
2084|ES
2085|ES
2086|ES
2087|ES
2088|ES
2089|ES
2090|ES
2091|EN
2092|ES
2093|ES
2094|EN
2095|EN
2096|ES
2097|ES
2098|ES
2099|EN
2100|ES
2101|ES
2102|EN
2103|EN
2104|ES
2105|EN
2106|ES
2107|ES
2108|DE
2109|ES
2110|EN
2111|ES
2112|ES
2113|ES
2114|EN
2115|ES
2116|ES
2117|ES
2118|ES
2119|ES
2120|ES
2121|ES
2122|ES
2123|ES
2124|ES
2125|ES
2126|ES
2127|ES
2128|ES
2129|EN
2130|EN
2131|ES
2132|ES
2133|ES
2134|ES
2135|ES
2136|EN
2137|ES
2138|ES
2139|ES
2140|ES
2141|ES
2143|ES
2144|ES
2145|EN
2146|EN
2147|ES
2148|ES
2149|ES
2150|ES
2151|ES
2152|ES
2153|EN
2154|ES
2155|EN
2156|ES
2158|ZH
2159|EN
2160|EN
2161|ES
2162|ES
2163|ES
2164|ES
2165|ES
2166|ES
2167|EN
2168|EN
2170|ES
2171|EN
2172|ES
2173|ES
2174|ES
2175|ES
2176|ES
2177|ES
2178|ES
2179|ES
2180|ES
2181|ES
2182|EN
2183|EN
2184|ES
2185|ES
2186|EN
2187|EN
2188|EN
2189|ES
2190|EN
2191|ES
2192|ES
2193|ES
2194|ES
2195|ES
2196|ES
2197|ES
2198|ES
2199|ES
2200|ES
2201|EN
2203|ES
2204|ES
2205|ES
2206|EN
2207|ES
2208|EN
2209|ES
2210|ES
2211|DE
2212|EN
2213|EN
2214|EN
2215|EN
2216|ES
2218|EN
2219|ES
2220|ES
2221|ES
2222|ES
2223|ES
2224|ES
2225|ES
2226|ES
2227|EN
2228|ES
2229|ES
2230|ES
2231|EN
2232|EN
2234|EN
2235|ES
2236|EN
2237|ES
2238|ES
2239|EN
2240|ES
2241|ES
2242|ES
2243|ES
2244|ES
2245|ES
2246|EN
2247|EN
2249|ES
2250|ES
2251|ES
2252|ES
2253|ES
2254|EN
2255|ES
2256|ES
2258|ES
2259|EN
2260|ES
2261|EN
2262|EN
2263|ES
2264|ES
2265|ES
2266|ES
2267|EN
2268|ES
2269|EN
2270|ES
2271|ES
2272|ES
2273|ES
2274|EN
2275|ES
2276|ES
2277|ES
2278|ES
2279|ES
2280|ES
2281|EN
2282|ES
2283|ES
2284|EN
2285|ES
2286|ZH
2287|NL
2288|EN
2289|ES
2290|ES
2291|ES
2292|ES
2293|ES
2294|ES
2295|EN
2296|ES
2297|ES
2298|ES
2299|ES
2300|ES
2301|EN
2302|ES
2303|EN
2304|ES
2305|ES
2306|EN
2307|ES
2308|EN
2309|ES
2310|ES
2311|EN
2312|EN
2313|ES
2314|EN
2315|ES
2316|ES
2317|EN
2318|ES
2319|ES
2320|ES
2321|ES
2322|ES
2323|ES
2324|ES
2325|EN
2326|DE
2327|ES
2328|EN
2329|ES
2330|ES
2331|ES
2332|ES
2333|ES
2334|ES
2335|EN
2336|ES
2337|ES
2338|ES
2339|ES
2340|ES
2341|ES
2342|DE
2343|EN
2344|EN
2345|ES
2346|ES
2347|EN
2348|ES
2349|ES
2351|ES
2352|ES
2353|ES
2354|ES
2355|EN
2356|ES
2358|EN
2359|ES
2360|ES
2362|ES
2363|EN
2364|EN
2365|ES
2366|ES
2367|EN
2368|ES
2369|ES
2370|ES
2371|EN
2372|ES
2373|ES
2374|EN
2375|ES
2376|ES
2377|ES
2378|EN
2379|EN
2380|ES
2381|EN
2382|EN
2383|EN
2384|ES
2385|ES
2386|ES
2387|ES
2388|ES
2389|ES
2390|ES
2391|ES
2392|EN
2393|EN
2394|ES
2396|ES
2397|ES
2398|ES
2399|ES
2400|ES
2401|ES
2402|ES
2403|ES
2404|EN
2406|EN
2407|EN
2408|ES
2409|ES
2410|ES
2411|ES
2412|ES
2413|ES
2414|ES
2415|ES
2416|ES
2417|ES
2418|ES
2419|FR
2420|ES
2421|EN
2422|EN
2423|EN
2424|ES
2425|EN
2426|ES
2427|ES
2428|ES
2429|ES
2430|ES
2432|ES
2433|EN
2434|ES
2435|EN
2436|EN
2437|ES
2438|ES
2440|ES
2441|ES
2442|ES
2444|EN
2445|ES
2446|ES
2447|ES
2448|ES
2449|ES
2450|ES
2451|EN
2452|ES
2453|ES
2454|EN
2455|EN
2456|ES
2457|EN
2458|EN
2459|EN
2460|EN
2461|ES
2462|EN
2463|EN
2464|ES
2465|ES
2466|ES
2467|ES
2468|EN
2469|ES
2470|EN
2471|ES
2472|ES
2473|ES
2474|ES
2475|ES
2476|EN
2477|ES
2478|ES
2479|ES
2480|EN
2481|EN
2482|EN
2484|EN
2485|ES
2486|ES
2487|ES
2488|ES
2489|ES
2490|EN
2491|ES
2492|EN
2493|ES
2494|ES
2495|EN
2496|ES
2497|EN
2498|EN
2499|ES
2500|ES
2501|ES
2502|ES
2503|ES
2504|EN
2505|ES
2506|DE
2507|ES
2508|EN
2509|EN
2510|EN
2511|ES
2512|ES
2513|ES
2514|EN
2515|EN
2516|ES
2517|ES
2518|EN
2519|EN
2520|EN
2521|ES
2522|EN
2523|ES
2524|DE
2525|EN
2526|ES
2527|ES
2528|ES
2529|ES
2530|ES
2531|ES
2532|ES
2533|ES
2534|ES
2535|ES
2536|EN
2537|ES
2538|ES
2539|ES
2540|ES
2541|EN
2542|ES
2543|ES
2544|ES
2545|ES
2546|ES
2547|EN
2548|ES
2549|ES
2550|ES
2551|EN
2552|ES
2553|ES
2554|ES
2555|ES
2556|EN
2557|ES
2558|ES
2559|ES
2560|ES
2561|ES
2562|EN
2563|EN
2564|ES
2566|ES
2567|ES
2568|EN
2569|ES
2570|EN
2571|ES
2572|ES
2573|ES
2574|ES
2575|ES
2577|ES
2578|ES
2579|ES
2580|EN
2581|ES
2582|ES
2583|ES
2584|ES
2585|ES
2586|EN
2587|EN
2588|ES
2589|ES
2591|ES
2592|ES
2593|ES
2594|ES
2595|ES
2596|ES
2597|DE
2598|ES
2599|EN
2600|ES
2601|ES
2602|ES
2603|ES
2604|ES
2605|ES
2606|ES
2607|ES
2608|ES
2610|ES
2611|ES
2612|ES
2613|DE
2614|ES
2615|EN
2616|EN
2617|EN
2620|ES
2621|ES
2622|EN
2623|ES
2624|ES
2625|ES
2626|ES
2627|EN
2628|ES
2629|EN
2631|EN
2632|EN
2633|EN
2634|ES
2635|EN
2636|ES
2637|ES
2638|DE
2639|EN
2640|ES
2642|ES
2643|EN
2644|ES
2645|ES
2646|ES
2647|ES
2648|ES
2649|EN
2650|EN
2651|EN
2652|EN
2653|EN
2654|EN
2655|DE
2656|ES
2657|EN
2658|ES
2659|ES
2660|EN
2661|ES
2662|EN
2663|EN
2664|ES
2665|ES
2666|ES
2667|EN
2668|IT
2669|ES
2670|ES
2671|ES
2673|ES
2674|EN
2675|EN
2676|ES
2677|ES
2678|ES
2679|EN
2680|EN
2681|ES
2682|ES
2683|ES
2684|ES
2685|ES
2686|EN
2687|EN
2688|EN
2689|EN
2690|EN
2691|ES
2692|ES
2693|DE
2694|ES
2695|ES
2696|ES
2697|EN
2698|ES
2699|DE
2700|EN
2701|EN
2702|ES
2703|ES
2704|EN
2705|EN
2706|ES
2707|EN
2708|ES
2709|EN
2710|EN
2711|EN
2712|ES
2713|ES
2714|EN
2715|FR
2716|EN
2717|ES
2718|ES
2719|ES
2720|ES
2721|EN
2722|EN
2723|EN
2724|ES
2725|ES
2726|EN
2727|EN
2728|EN
2729|ES
2730|ES
2731|ES
2732|ES
2733|ES
2734|ES
2735|ES
2736|ES
2737|EN
2738|EN
2739|ES
2740|ES
2741|ES
2742|EN
2743|ES
2744|EN
2745|EN
2747|EN
2748|EN
2749|ES
2751|ES
2752|EN
2753|ES
2754|EN
2755|ES
2756|ES
2757|EN
2758|EN
2759|ES
2760|EN
2761|IT
2762|ES
2763|FR
2764|ES
2765|ES
2766|ES
2767|EN
2768|ES
2769|EN
2770|ES
2771|EN
2772|ES
2773|EN
2774|EN
2775|EN
2776|EN
2777|ES
2778|ES
2779|ES
2780|EN
2781|EN
2783|ES
2784|EN
2786|EN
2787|EN
2788|ES
2789|ES
2790|EN
2791|ES
2793|EN
2794|EN
2795|EN
2796|EN
2797|ES
2798|EN
2799|ES
2800|ES
2801|ES
2802|ES
2803|ES
2805|EN
2806|ES
2807|ES
2808|NL
2809|EN
2810|EN
2811|ES
2812|EN
2813|ES
2814|EN
2815|DE
2816|EN
2818|IT
2819|EN
2820|EN
2821|EN
2822|EN
2823|ES
2824|ES
2825|EN
2826|ES
2827|EN
2828|ES
2829|EN
2830|EN
2831|ES
2832|ES
2833|ES
2834|ES
2835|EN
2836|ES
2837|ES
2838|EN
2839|EN
2840|ES
2841|EN
2842|EN
2843|EN
2844|EN
2845|ES
2846|ES
2847|ES
2848|ES
2849|EN
2850|EN
2851|EN
2852|ES
2853|ES
2855|ES
2856|ES
2857|EN
2858|EN
2859|EN
2860|EN
2861|ES
2862|EN
2863|EN
2864|EN
2865|EN
2866|ES
2867|ES
2868|EN
2869|ES
2870|EN
2871|ES
2872|ES
2873|FR
2874|ES
2875|EN
2876|EN
2877|EN
2878|EN
2879|EN
2880|EN
2881|ES
2882|EN
2883|EN
2884|EN
2885|EN
2886|EN
2887|ES
2888|ES
2889|EN
2890|EN
2891|EN
2892|ES
2893|ES
2894|EN
2896|EN
2897|EN
2898|EN
2899|ES
2900|ZH
2901|EN
2902|ES
2903|EN
2904|EN
2905|EN
2906|ES
2907|EN
2908|EN
2910|ES
2911|ES
2912|ES
2913|ES
2914|FR
2915|NL
2916|ES
2917|EN
2918|EN
2920|ES
2921|ES
2922|ES
2924|EN
2925|EN
2926|EN
2927|ES
2928|EN
2929|ES
2930|EN
2931|ES
2932|EN
2933|EN
2934|EN
2935|ES
2936|EN
2937|ES
2938|ES
2939|ES
2940|ES
2941|ES
2942|EN
2943|ES
2945|EN
2946|EN
2947|EN
2948|DE
2949|EN
2950|EN
2951|EN
2952|FR
2953|EN
2954|EN
2955|EN
2956|EN
2957|EN
2958|EN
2959|ES
2960|ES
2961|ES
2962|EN
2963|EN
2964|ES
2965|EN
2966|ES
2967|EN
2968|ES
2969|EN
2970|EN
2971|EN
2972|ES
2973|EN
2974|EN
2975|ES
2976|EN
2977|EN
2978|ES
2979|EN
2980|EN
2981|EN
2982|EN
2983|EN
2985|EN
2986|EN
2987|EN
2988|EN
2989|EN
2990|EN
2992|ES
2993|ES
2994|EN
2995|ES
2996|ES
2997|ES
2998|EN
2999|EN
3000|EN
3001|ES
3002|EN
3003|ES
3004|EN
3005|EN
3006|EN
3007|ES
3008|EN
3009|EN
3010|EN
3011|EN
3012|EN
3013|ES
3014|EN
3015|ES
3016|DE
3017|EN
3018|EN
3019|EN
3020|EN
3021|EN
3022|EN
3023|EN
3024|ES
3025|EN
3026|ES
3027|ES
3028|EN
3029|ES
3031|ES
3032|EN
3033|EN
3034|ES
3035|ES
3036|ES
3037|EN
3038|EN
3039|EN
3040|EN
3041|EN
3042|EN
3043|EN
3044|EN
3045|EN
3046|ES
3048|IT
3049|ES
3050|ES
3051|ES
3052|ES
3053|EN
3054|EN
3055|ES
3057|ES
3058|ES
3059|EN
3061|EN
3062|EN
3063|EN
3064|ES
3065|ES
3066|ES
3067|ES
3068|FR
3069|ES
3070|EN
3072|EN
3073|EN
3074|EN
3075|EN
3076|EN
3077|EN
3078|EN
3079|ES
3080|ES
3081|EN
3082|ES
3084|EN
3085|EN
3086|EN
3087|EN
3088|EN
3089|EN
3090|FR
3091|EN
3092|EN
3093|DE
3095|ES
3096|ES
3097|EN
3100|EN
3101|EN
3102|EN
3104|EN
3105|EN
3106|EN
3107|ES
3108|EN
3109|ES
3110|EN
3111|ZH
3112|ES
3113|ES
3114|EN
3115|EN
3116|EN
3118|EN
3119|ES
3120|ES
3121|EN
3122|EN
3123|EN
3124|EN
3125|EN
3127|EN
3128|EN
3129|DE
3130|DE
3131|EN
3132|EN
3133|EN
3134|EN
3135|EN
3136|EN
3137|EN
3138|ES
3139|EN
3140|EN
3141|EN
3142|EN
3143|ES
3144|EN
3145|EN
3146|EN
3147|EN
3149|EN
3150|EN
3151|EN
3152|EN
3153|ES
3154|EN
3155|EN
3156|EN
3157|EN
3158|EN
3159|ES
3160|EN
3161|EN
3162|EN
3163|EN
3164|EN
3165|EN
3166|ES
3167|EN
3168|ES
3169|EN
3170|EN
3171|EN
3172|EN
3174|ES
3175|ES
3176|EN
3177|EN
3178|EN
3179|EN
3180|EN
3181|ES
3182|EN
3183|EN
3184|EN
3186|EN
3188|EN
3189|EN
3190|EN
3191|EN
3192|EN
3193|EN
3194|EN
3195|EN
3196|EN
3197|EN
3198|DE
3199|EN
3200|EN
3201|EN
3203|EN
3204|EN
3205|EN
3206|EN
3207|ES
3208|EN
3209|EN
3210|EN
3211|ES
3212|EN
3213|NL
3214|DE
3215|EN
3216|NL
3217|NL
3218|EN
3220|ZH
3221|ES
3223|EN
3226|EN
3227|ES
3228|ES
3229|ES
3230|ES
3231|ES
3232|ES
3233|EN
3234|EN
3235|ES
3236|ES
3237|ES
3238|ES
3239|EN
3240|ES
3241|ES
3242|ES
3245|ES
3247|ES
3248|ES
3249|ES
3250|ES
3251|ES
3252|ES
3253|ES
3255|EN
3256|ES
3257|ES
3258|EN
3259|EN
3260|ES
3262|ES
3263|ES
3264|ES
3265|ES
3266|ES
3267|EN
3268|ES
3269|EN
3270|EN
3271|EN
3272|ES
3273|ES
3274|ES
3275|ES
3276|ES
3277|ES
3278|ES
3279|ES
3280|EN
3281|ES
3282|ES
3283|ES
3284|EN
3285|EN
3286|ES
3287|ES
3288|ES
3289|ES
3290|ES
3291|EN
3292|ES
3293|ES
3294|ES
3295|ES
3297|EN
3298|ES
3299|ES
3300|ES
3301|EN
3302|EN
3303|EN
3304|EN
3305|ES
3306|EN
3307|EN
3310|EN
3311|EN
3313|EN
3314|ES
3315|ES
3316|ES
3317|ES
3318|ES
3319|ES
3320|ES
3321|ES
3322|ES
3323|ES
3324|ES
3325|ES
3326|ES
3327|ES
3328|ES
3329|ES
3330|ES
3331|ES
3332|EN
3334|ES
3335|ES
3336|ES
3337|ES
3338|EN
3340|EN
3341|ES
3342|ES
3343|ES
3344|ES
3345|EN
3346|ES
3347|EN
3352|EN
3353|ES
3355|ES
3357|EN
3358|ES
3359|EN
3361|ES
3363|EN
3364|EN
3366|EN
3369|EN
3370|EN
3373|ES
3375|EN
3377|EN
3378|DE
3380|ES
3383|EN
3384|ES
3387|FR
3389|ES
3390|ES
3392|EN
3393|ES
3394|ES
3396|EN
3397|EN
3398|EN
3400|ES
3406|EN
3410|EN
3411|EN
3422|ES
3423|EN
3432|ES
3433|ES
3434|ES
3435|ES
3436|ES
3437|ES
3438|ES
3439|ES
3440|ES
3441|ES
3442|ES
3444|ES
3445|ES
3446|EN
3447|ES
3450|ES
3452|ES
3454|ES
3455|EN
3456|ES
3457|EN
3458|EN
3459|EN
3460|EN
3461|EN
3462|ES
3463|ES
3464|ES
3465|ES
3466|ES
3469|ES
3470|ES
3471|ES
3472|ES
3473|ES
3474|ES
3476|ES
3478|ES
3479|ES
3480|ES
3482|ES
3483|ES
3484|ES
3486|ES
3488|ES
3489|ES
3491|EN
3492|EN
3493|ES
3494|ES
3496|ES
3497|ES
3499|ES
3500|ES
3501|ES
3503|ES
3505|ES
3506|ES
3507|ES
3513|ES
3514|ES
3515|ES
3517|ES
3518|ES
3519|ES
3520|ES
3522|ES
3525|ES
3526|ES
3527|ES
3528|ES
3529|ES
2613|FR
223|EN
351|EN
838|EN
893|EN
962|EN
2158|EN
2900|EN
3111|EN
859|ES
859|NO
859|IT
859|EN
859|SV
258|DE
281|DE
282|DE
369|DE
429|DE
439|DE
822|DE
1851|DE
1907|DE
1951|DE
1984|DE
1985|DE
2000|DE
2161|DE
2170|DE
2324|DE
2426|DE
2583|DE
2656|DE
3245|DE
295|FR
296|FR
447|FR
448|FR
1815|FR
1816|FR
1896|FR
1938|FR
1949|FR
1950|FR
2000|FR
2161|FR
2170|FR
2324|FR
2426|FR
2583|FR
2656|FR
3245|FR
295|EN
296|EN
447|EN
448|EN
1815|EN
1816|EN
1896|EN
1938|EN
1949|EN
1950|EN
2000|EN
2161|EN
2170|EN
2324|EN
2426|EN
2583|EN
2656|EN
3245|EN
4|DE
5|DE
29|DE
30|DE
35|DE
507|DE
508|DE
520|DE
785|DE
786|DE
839|DE
886|DE
997|DE
1045|DE
1046|DE
1680|DE
1810|DE
1812|DE
1832|DE
1835|DE
1836|DE
1859|DE
1867|DE
1868|DE
1886|DE
1909|DE
2036|DE
2037|DE
2120|DE
2126|DE
2139|DE
2177|DE
2178|DE
2205|DE
2219|DE
2220|DE
1|EN
2|EN
6|EN
7|EN
8|EN
10|EN
11|EN
12|EN
16|EN
18|EN
19|EN
20|EN
21|EN
25|EN
26|EN
31|EN
32|EN
33|EN
36|EN
38|EN
39|EN
41|EN
42|EN
44|EN
45|EN
46|EN
47|EN
51|EN
52|EN
57|EN
58|EN
60|EN
61|EN
62|EN
64|EN
65|EN
66|EN
67|EN
68|EN
76|EN
78|EN
82|EN
85|EN
94|EN
95|EN
107|EN
108|EN
109|EN
143|EN
144|EN
180|EN
188|EN
190|EN
192|EN
194|EN
195|EN
196|EN
214|EN
215|EN
231|EN
269|EN
277|EN
284|EN
290|EN
291|EN
292|EN
293|EN
294|EN
300|EN
312|EN
315|EN
316|EN
317|EN
318|EN
319|EN
321|EN
322|EN
323|EN
324|EN
332|EN
333|EN
338|EN
339|EN
344|EN
348|EN
349|EN
350|EN
356|EN
357|EN
363|EN
372|EN
373|EN
375|EN
414|EN
415|EN
428|EN
443|EN
444|EN
452|EN
457|EN
458|EN
460|EN
461|EN
462|EN
474|EN
475|EN
476|EN
477|EN
478|EN
480|EN
491|EN
496|EN
499|EN
503|EN
504|EN
516|EN
522|EN
523|EN
524|EN
545|EN
546|EN
551|EN
552|EN
564|EN
577|EN
578|EN
581|EN
582|EN
586|EN
597|EN
607|EN
611|EN
612|EN
626|EN
627|EN
641|EN
642|EN
657|EN
685|EN
689|EN
769|EN
772|EN
773|EN
776|EN
784|EN
806|EN
808|EN
810|EN
811|EN
814|EN
815|EN
817|EN
823|EN
824|EN
828|EN
829|EN
830|EN
831|EN
832|EN
833|EN
843|EN
847|EN
848|EN
849|EN
853|EN
854|EN
855|EN
865|EN
867|EN
869|EN
877|EN
878|EN
881|EN
882|EN
883|EN
884|EN
888|EN
894|EN
899|EN
900|EN
903|EN
904|EN
915|EN
921|EN
922|EN
923|EN
924|EN
925|EN
926|EN
929|EN
935|EN
939|EN
941|EN
946|EN
947|EN
951|EN
967|EN
971|EN
978|EN
994|EN
1002|EN
1009|EN
1010|EN
1011|EN
1012|EN
1026|EN
1028|EN
1042|EN
1062|EN
1063|EN
1075|EN
1076|EN
1090|EN
1096|EN
1097|EN
1132|EN
1139|EN
1140|EN
1142|EN
1143|EN
1148|EN
1157|EN
1158|EN
1160|EN
1179|EN
1181|EN
1183|EN
1184|EN
1187|EN
1190|EN
1194|EN
1195|EN
1196|EN
1197|EN
1199|EN
1201|EN
1202|EN
1231|EN
1232|EN
1234|EN
1235|EN
1247|EN
1248|EN
1249|EN
1259|EN
1260|EN
1265|EN
1266|EN
1271|EN
1274|EN
1282|EN
1283|EN
1293|EN
1296|EN
1318|EN
1319|EN
1322|EN
1323|EN
1332|EN
1341|EN
1343|EN
1350|EN
1400|EN
1402|EN
1461|EN
1469|EN
1474|EN
1483|EN
1488|EN
1495|EN
1496|EN
1514|EN
1515|EN
1516|EN
1517|EN
1524|EN
1527|EN
1528|EN
1538|EN
1539|EN
1542|EN
1550|EN
1551|EN
1596|EN
1657|EN
1658|EN
1669|EN
1670|EN
1671|EN
1677|EN
1678|EN
1706|EN
1707|EN
1713|EN
1714|EN
1727|EN
1728|EN
1729|EN
1730|EN
1737|EN
1750|EN
1751|EN
1752|EN
1781|EN
1793|EN
1795|EN
1796|EN
1797|EN
1803|EN
1805|EN
1806|EN
1808|EN
1811|EN
1821|EN
1822|EN
1823|EN
1824|EN
1825|EN
1828|EN
1840|EN
1843|EN
1845|EN
1846|EN
1852|EN
1853|EN
1854|EN
1856|EN
1857|EN
1861|EN
1865|EN
1869|EN
1874|EN
1875|EN
1876|EN
1877|EN
1878|EN
1880|EN
1881|EN
1888|EN
1891|EN
1892|EN
1893|EN
1895|EN
1897|EN
1898|EN
1899|EN
1900|EN
1901|EN
1902|EN
1906|EN
1908|EN
1911|EN
1913|EN
1914|EN
1915|EN
1918|EN
1920|EN
1922|EN
1924|EN
1927|EN
1928|EN
1929|EN
1931|EN
1933|EN
1936|EN
1937|EN
1942|EN
1943|EN
1946|EN
1948|EN
1953|EN
1957|EN
1958|EN
1959|EN
1964|EN
1965|EN
1966|EN
1972|EN
1974|EN
1975|EN
1980|EN
1981|EN
1983|EN
1986|EN
1987|EN
1988|EN
1989|EN
1990|EN
1991|EN
1994|EN
1995|EN
1996|EN
1999|EN
2002|EN
2003|EN
2004|EN
2007|EN
2009|EN
2010|EN
2011|EN
2012|EN
2013|EN
2015|EN
2021|EN
2023|EN
2024|EN
2025|EN
2030|EN
2032|EN
2033|EN
2034|EN
2043|EN
2047|EN
2048|EN
2049|EN
2053|EN
2054|EN
2057|EN
2058|EN
2067|EN
2068|EN
2073|EN
2079|EN
2081|EN
2082|EN
2083|EN
2084|EN
2085|EN
2086|EN
2087|EN
2088|EN
2089|EN
2092|EN
2093|EN
2097|EN
2098|EN
2104|EN
2106|EN
2107|EN
2122|EN
2123|EN
2124|EN
2125|EN
2131|EN
2132|EN
2134|EN
2138|EN
2140|EN
2141|EN
2143|EN
2149|EN
2151|EN
2156|EN
2162|EN
2163|EN
2164|EN
2165|EN
2166|EN
2173|EN
2174|EN
2175|EN
2179|EN
2181|EN
2184|EN
2185|EN
2191|EN
2192|EN
2193|EN
2195|EN
2196|EN
2197|EN
2198|EN
2200|EN
2207|EN
2209|EN
2224|EN
2225|EN
2229|EN
2238|EN
2240|EN
2241|EN
2242|EN
2245|EN
2249|EN
2250|EN
2251|EN
2252|EN
2253|EN
2256|EN
2260|EN
2263|EN
2266|EN
2268|EN
2271|EN
2279|EN
2285|EN
2289|EN
2293|EN
2297|EN
2302|EN
2304|EN
2305|EN
2310|EN
2316|EN
2319|EN
2323|EN
2327|EN
2337|EN
2338|EN
2339|EN
2340|EN
2341|EN
2346|EN
2353|EN
2354|EN
2356|EN
2359|EN
2360|EN
2365|EN
2368|EN
2369|EN
2370|EN
2372|EN
2373|EN
2375|EN
2376|EN
2377|EN
2387|EN
2388|EN
2390|EN
2397|EN
2401|EN
2408|EN
2414|EN
2415|EN
2418|EN
2420|EN
2424|EN
2429|EN
2430|EN
2434|EN
2437|EN
2438|EN
2440|EN
2441|EN
2442|EN
2445|EN
2446|EN
2447|EN
2450|EN
2452|EN
2461|EN
2464|EN
2467|EN
2473|EN
2474|EN
2475|EN
2486|EN
2488|EN
2491|EN
2493|EN
2494|EN
2500|EN
2501|EN
2502|EN
2503|EN
2511|EN
2512|EN
2513|EN
2517|EN
2521|EN
2527|EN
2529|EN
2530|EN
2531|EN
2534|EN
2539|EN
2540|EN
2542|EN
2543|EN
2545|EN
2546|EN
2549|EN
2550|EN
2552|EN
2553|EN
2557|EN
2559|EN
2560|EN
2564|EN
2566|EN
2567|EN
2574|EN
2575|EN
2577|EN
2578|EN
2579|EN
2584|EN
2594|EN
2595|EN
2596|EN
2598|EN
2600|EN
2601|EN
2602|EN
2603|EN
2605|EN
2606|EN
2607|EN
2608|EN
2611|EN
2612|EN
2614|EN
2620|EN
2621|EN
2623|EN
2624|EN
2625|EN
2628|EN
2634|EN
2640|EN
2644|EN
2646|EN
2659|EN
2661|EN
2670|EN
2671|EN
2681|EN
2684|EN
2685|EN
2694|EN
2695|EN
2696|EN
2698|EN
2702|EN
2703|EN
2706|EN
2712|EN
2713|EN
2718|EN
2719|EN
2731|EN
2732|EN
2733|EN
2735|EN
2736|EN
2739|EN
2741|EN
2753|EN
2755|EN
2756|EN
2759|EN
2764|EN
2765|EN
2766|EN
2768|EN
2777|EN
2779|EN
2788|EN
2789|EN
2797|EN
2799|EN
2800|EN
2801|EN
2802|EN
2803|EN
2807|EN
2811|EN
2823|EN
2824|EN
2826|EN
2828|EN
2831|EN
2832|EN
2836|EN
2840|EN
2845|EN
2846|EN
2847|EN
2852|EN
2853|EN
2861|EN
2866|EN
2867|EN
2869|EN
2871|EN
2872|EN
2881|EN
2887|EN
2888|EN
2893|EN
2902|EN
2906|EN
2911|EN
2920|EN
2929|EN
2937|EN
2940|EN
2941|EN
2943|EN
2959|EN
2960|EN
2966|EN
2972|EN
2978|EN
2995|EN
2996|EN
2997|EN
3007|EN
3015|EN
3024|EN
3026|EN
3027|EN
3029|EN
3031|EN
3034|EN
3049|EN
3051|EN
3052|EN
3064|EN
3065|EN
3069|EN
3079|EN
3080|EN
3095|EN
3096|EN
3107|EN
3112|EN
3113|EN
3138|EN
3153|EN
3174|EN
3175|EN
3211|EN
3228|EN
3229|EN
3230|EN
3235|EN
3236|EN
3237|EN
3238|EN
3241|EN
3242|EN
3248|EN
3249|EN
3250|EN
3252|EN
3260|EN
3263|EN
3264|EN
3273|EN
3274|EN
3275|EN
3276|EN
3277|EN
3278|EN
3281|EN
3282|EN
3290|EN
3293|EN
3294|EN
3295|EN
3299|EN
3300|EN
3305|EN
3315|EN
3316|EN
3317|EN
3318|EN
3319|EN
3320|EN
3321|EN
3324|EN
3325|EN
3327|EN
3328|EN
3329|EN
3330|EN
3331|EN
3334|EN
3335|EN
3344|EN
3353|EN
3361|EN
3436|EN
3438|EN
3447|EN
3462|EN
3464|EN
3465|EN
3466|EN
3469|EN
3471|EN
3478|EN
3480|EN
3484|EN
3488|EN
3494|EN
3497|EN
3503|EN
3506|EN
3507|EN
3517|EN
3526|EN
3529|EN
2613|EN
890|EN
1932|EN
2211|EN
2326|EN
2506|EN
2524|EN
2597|EN
2638|EN
2699|EN
2815|EN
3016|EN
3093|EN
3129|EN
3214|EN
3378|EN
1004|ES
1004|EN
3220|ES
608|ES
608|EN
1997|DE
2045|DE
2046|DE
2080|DE
2135|DE
2172|DE
2203|DE
2315|DE
2412|DE
2413|DE
2449|DE
2669|DE
2791|DE
2856|DE
3001|DE
3373|DE
1887|DE
1903|DE
1904|DE
2588|DE
2589|DE
1887|FR
1903|FR
1904|FR
2588|FR
2589|FR
295|DE
296|DE
447|DE
448|DE
1815|DE
1816|DE
1896|DE
1938|DE
1949|DE
1950|DE
2221|DE
2222|DE
2228|DE
2230|DE
2258|DE
2275|DE
2278|DE
2291|DE
2292|DE
2396|DE
2417|DE
2428|DE
2453|DE
2465|DE
2478|DE
2479|DE
2516|DE
2528|DE
2555|DE
2571|DE
2572|DE
2636|DE
2647|DE
2648|DE
2678|DE
2717|DE
2743|DE
2931|DE
3143|DE
4|EN
5|EN
29|EN
30|EN
35|EN
507|EN
508|EN
520|EN
785|EN
786|EN
839|EN
886|EN
997|EN
1045|EN
1046|EN
1680|EN
1810|EN
1812|EN
1832|EN
1835|EN
1836|EN
1859|EN
1867|EN
1868|EN
1886|EN
1909|EN
2036|EN
2037|EN
2120|EN
2126|EN
2139|EN
2177|EN
2178|EN
2205|EN
2219|EN
2220|EN
2221|EN
2222|EN
2228|EN
2230|EN
2258|EN
2275|EN
2278|EN
2291|EN
2292|EN
2396|EN
2417|EN
2428|EN
2453|EN
2465|EN
2478|EN
2479|EN
2516|EN
2528|EN
2555|EN
2571|EN
2572|EN
2636|EN
2647|EN
2648|EN
2678|EN
2717|EN
2743|EN
2931|EN
3143|EN
3337|DE
3337|EN
2137|DE
2137|EN
2137|QU
1910|DE
2411|DE
1910|PT
2411|PT
1910|EN
2411|EN
53|FR
54|FR
273|FR
511|FR
1809|FR
1819|FR
1826|FR
1827|FR
1850|FR
1912|FR
1979|FR
2014|FR
2018|FR
2056|FR
2063|FR
2226|FR
2244|FR
2573|FR
2664|FR
2665|FR
2666|FR
2749|FR
3221|FR
40|FR
130|FR
354|FR
485|FR
486|FR
518|FR
519|FR
528|FR
529|FR
548|FR
602|FR
816|FR
1031|FR
1043|FR
1135|FR
1205|FR
1263|FR
1368|FR
1696|FR
1767|FR
1799|FR
1800|FR
1807|FR
1813|FR
1814|FR
1830|FR
1834|FR
1844|FR
1883|FR
1916|FR
1919|FR
1930|FR
1944|FR
1952|FR
1967|FR
1969|FR
2005|FR
2006|FR
2019|FR
2020|FR
2027|FR
2041|FR
2064|FR
2065|FR
2078|FR
2113|FR
2115|FR
2116|FR
2117|FR
2118|FR
2119|FR
2121|FR
2127|FR
2128|FR
2133|FR
2237|FR
2255|FR
2270|FR
2272|FR
2276|FR
2282|FR
2283|FR
2298|FR
2299|FR
2300|FR
2313|FR
2320|FR
2329|FR
2331|FR
2333|FR
2336|FR
2348|FR
2349|FR
2351|FR
2389|FR
2394|FR
2398|FR
2399|FR
2402|FR
2410|FR
2416|FR
2466|FR
2471|FR
2487|FR
2526|FR
2532|FR
2538|FR
2548|FR
2558|FR
2569|FR
2581|FR
2582|FR
2585|FR
2591|FR
2645|FR
2658|FR
2720|FR
2729|FR
2730|FR
2734|FR
2922|FR
2935|FR
2938|FR
2939|FR
2961|FR
2975|FR
3013|FR
3288|FR
3289|FR
3341|FR
3342|FR
40|EN
130|EN
354|EN
485|EN
486|EN
518|EN
519|EN
528|EN
529|EN
548|EN
602|EN
816|EN
1031|EN
1043|EN
1135|EN
1205|EN
1263|EN
1368|EN
1696|EN
1767|EN
1799|EN
1800|EN
1807|EN
1813|EN
1814|EN
1830|EN
1834|EN
1844|EN
1883|EN
1916|EN
1919|EN
1930|EN
1944|EN
1952|EN
1967|EN
1969|EN
2005|EN
2006|EN
2019|EN
2020|EN
2027|EN
2041|EN
2064|EN
2065|EN
2078|EN
2113|EN
2115|EN
2116|EN
2117|EN
2118|EN
2119|EN
2121|EN
2127|EN
2128|EN
2133|EN
2237|EN
2255|EN
2270|EN
2272|EN
2276|EN
2282|EN
2283|EN
2298|EN
2299|EN
2300|EN
2313|EN
2320|EN
2329|EN
2331|EN
2333|EN
2336|EN
2348|EN
2349|EN
2351|EN
2389|EN
2394|EN
2398|EN
2399|EN
2402|EN
2410|EN
2416|EN
2466|EN
2471|EN
2487|EN
2526|EN
2532|EN
2538|EN
2548|EN
2558|EN
2569|EN
2581|EN
2582|EN
2585|EN
2591|EN
2645|EN
2658|EN
2720|EN
2729|EN
2730|EN
2734|EN
2922|EN
2935|EN
2938|EN
2939|EN
2961|EN
2975|EN
3013|EN
3288|EN
3289|EN
3341|EN
3342|EN
2321|FR
2321|EN
1151|FR
1151|EN
1151|QU
247|FR
248|FR
1837|FR
1954|FR
2384|FR
2385|FR
3227|FR
247|PT
248|PT
1837|PT
1954|PT
2384|PT
2385|PT
3227|PT
247|EN
248|EN
1837|EN
1954|EN
2384|EN
2385|EN
3227|EN
593|NL
999|NL
2610|NL
596|NL
3003|NL
596|EN
3003|EN
658|EN
659|EN
1066|EN
1303|EN
1304|EN
2243|EN
2992|EN
2993|EN
3067|EN
1068|EN
1069|EN
1077|EN
1078|EN
1446|EN
1451|EN
1473|EN
1858|EN
1068|QU
1069|QU
1077|QU
1078|QU
1446|QU
1451|QU
1473|QU
1858|QU
1436|EN
1460|EN
1494|EN
1520|EN
1525|EN
1540|EN
1553|EN
1556|EN
1674|EN
2144|EN
2456|EN
3483|EN
3500|EN
3522|EN
1436|QU
1460|QU
1494|QU
1520|QU
1525|QU
1540|QU
1553|QU
1556|QU
1674|QU
2144|QU
2456|QU
3483|QU
3500|QU
3522|QU
771|EN
771|QU
771|AW
1717|EN
1717|SH
1717|QU
1717|AC
1817|IT
1818|IT
1817|DE
1818|DE
425|IT
426|IT
427|IT
1934|IT
2074|IT
2223|IT
2294|IT
425|DE
426|DE
427|DE
1934|DE
2074|DE
2223|DE
2294|DE
425|FR
426|FR
427|FR
1934|FR
2074|FR
2223|FR
2294|FR
425|EN
426|EN
427|EN
1934|EN
2074|EN
2223|EN
2294|EN
1794|IT
1794|DE
1794|FR
1794|PT
1794|EN
1870|IT
1894|IT
2469|IT
1870|DE
1894|DE
2469|DE
1870|EN
1894|EN
2469|EN
1129|IT
1833|IT
1968|IT
1129|FR
1833|FR
1968|FR
355|IT
1186|IT
1860|IT
1973|IT
2307|IT
2554|IT
2692|IT
2874|IT
805|IT
2150|IT
2403|IT
805|FR
2150|FR
2403|FR
805|EN
2150|EN
2403|EN
14|IT
15|IT
22|IT
23|IT
59|IT
1873|IT
1882|IT
1885|IT
1941|IT
1960|IT
1961|IT
1998|IT
2264|IT
2400|IT
2448|IT
2523|IT
2561|IT
2676|IT
2677|IT
2762|IT
2921|IT
14|EN
15|EN
22|EN
23|EN
59|EN
1873|EN
1882|EN
1885|EN
1941|EN
1960|EN
1961|EN
1998|EN
2264|EN
2400|EN
2448|EN
2523|EN
2561|EN
2676|EN
2677|EN
2762|EN
2921|EN
1020|IT
1020|EN
1020|QU
71|IT
71|PT
71|EN
1890|JA
1890|FR
1890|EN
2180|JA
2180|EN
998|KH
1463|PK
1466|PK
2199|PT
2899|PT
228|PT
1039|PT
2109|PT
2362|PT
228|EN
1039|EN
2109|EN
2362|EN
129|QU
131|QU
158|QU
259|QU
402|QU
419|QU
484|QU
614|QU
995|QU
996|QU
1014|QU
1015|QU
1017|QU
1021|QU
1024|QU
1038|QU
1052|QU
1067|QU
1089|QU
1093|QU
1448|QU
1866|QU
2499|QU
2604|QU
3256|QU
3257|QU
116|QU
118|QU
139|QU
154|QU
1432|QU
1434|QU
1435|QU
1447|QU
1465|QU
1468|QU
1531|QU
1552|QU
1562|QU
1567|QU
1592|QU
1605|QU
1614|QU
1663|QU
3513|QU
3514|QU
2035|RU
2366|RU
1397|SH
1406|SH
1407|SH
1459|SH
2535|UK
2535|EN
1463|AW
1573|AW
1574|AW
1656|AW
1664|AW
1746|AW
3292|AW
3493|AW
3519|AW
28|EN
96|EN
97|EN
153|EN
342|EN
531|EN
566|EN
666|EN
678|EN
790|EN
948|EN
960|EN
993|EN
1087|EN
1088|EN
1092|EN
2419|EN
2715|EN
2763|EN
2873|EN
2914|EN
2952|EN
3068|EN
3090|EN
3387|EN
2287|EN
2808|EN
2915|EN
3213|EN
3216|EN
3217|EN
1050|QU
2668|FR
2668|EN
2818|EN
3048|EN
2761|PT
2761|EN
